{"cameraMode":{"drawMode":0,"name":"Shaded","section":"Shading Mode"},"sceneLighting":false,"audioPlay":false,"sceneViewState":{"m_AlwaysRefresh":false,"showFog":true,"showSkybox":false,"showFlares":true,"showImageEffects":true,"showParticleSystems":true,"showVisualEffectGraphs":true,"m_FxEnabled":true},"in2DMode":false,"pivot":{"x":-16.194000244140626,"y":2.4630000591278078,"z":-1.312999963760376},"rotation":{"x":0.13063782453536988,"y":0.6664759516716003,"z":-0.12024582177400589,"w":0.7240751385688782},"size":0.29520419239997866,"orthographic":true}