{"cameraMode":{"drawMode":0,"name":"Shaded","section":"Shading Mode"},"sceneLighting":false,"audioPlay":false,"sceneViewState":{"m_AlwaysRefresh":false,"showFog":true,"showSkybox":false,"showFlares":true,"showImageEffects":true,"showParticleSystems":true,"showVisualEffectGraphs":true,"m_FxEnabled":true},"in2DMode":false,"pivot":{"x":-17.818893432617189,"y":2.517831802368164,"z":-2.4709625244140627},"rotation":{"x":0.16717985272407533,"y":-0.0192238949239254,"z":0.0032616558019071819,"w":0.985739529132843},"size":0.1080530434846878,"orthographic":true}