{"cameraMode":{"drawMode":0,"name":"Shaded","section":"Shading Mode"},"sceneLighting":false,"audioPlay":false,"sceneViewState":{"m_AlwaysRefresh":false,"showFog":true,"showSkybox":false,"showFlares":true,"showImageEffects":true,"showParticleSystems":true,"showVisualEffectGraphs":true,"m_FxEnabled":true},"in2DMode":false,"pivot":{"x":-20.893144607543947,"y":0.3771522045135498,"z":1.7133452892303467},"rotation":{"x":-0.004763381090015173,"y":0.9898333549499512,"z":-0.13807640969753266,"w":-0.03416208177804947},"size":2.4434397220611574,"orthographic":true}